<Project>
  <Name>물자업무_자동화</Name>
  <Main>Main_01_물품검사매핑.xaml</Main>
  <Desc>물자업무_자동화</Desc>
  <Key>gCulsGdqvIM74am9Kam9LxAu8opzQ27l4ayE+4hmdqZ/NhK5f8UtpZ73382TyYDxjckFKSZsD6w3lhfxUZKGEw==</Key>
  <PortalKey>cwRSpZcDpJ/2WCT3pwGsXj9gHo5Pn+o/y078qrdekLtnNaDvjrNtcZFEVKiuiFuVAkUQ6UywbHeWt9vVkT/yxQ==</PortalKey>
  <StudioVesrion>2.1.2.3</StudioVesrion>
  <HeadlessMode>N</HeadlessMode>
  <UseChatbot>N</UseChatbot>
  <DeployScope>DS001</DeployScope>
  <Libraries>
    <System.Activities>System.Activities</System.Activities>
  </Libraries>
</Project>